1,Olindo,Romano,OlindoRomano@einrot.com,GherardoMilani@fleckens.hu
2,Dylan,Reynolds,DylanReynolds@rhyta.com,HarleyRussell@rhyta.com
3,Vito,Trentino,VitoTrentino@rhyta.com,EmilseCarbajalSegovia@dayrep.com
4,Leonilda,Callas,LeonildaCallasCanales@fleckens.hu,LillyGreen@dayrep.com
5,Dennis,Wilson,DennisAWilson@jourrapide.com,WilliamBHeidelberg@teleworm.us
6,Duilio,Chávez,DuilioChavezFierro@fleckens.hu,AimoneRomani@fleckens.hu
7,Francesca,Evans,FrancescaEvans@teleworm.us,MarieCOjeda@dayrep.com
8,Let,Marrero,LetMarreroBarragan@gustr.com,NancyMTurney@einrot.com
9,Victoria,Adams,VictoriaAdams@gustr.com,CarolynLBrowning@jourrapide.com
10,James,Lynch,JamesSLynch@einrot.com,ThomasWatts@superrito.com
11,Sienna,John,SiennaJohn@teleworm.us,DanielMAustin@fleckens.hu
12,Arnold,Abrego,ArnoldAbregoValadez@cuvox.de,ZaraAllan@jourrapide.com
13,Claretha,Madsen,ClarethaTMadsen@fleckens.hu,EmilyMahmood@rhyta.com
14,Cataldo,Cattaneo,CataldoCattaneo@einrot.com,ToddJStewart@rhyta.com
15,Rhonda,Michel,RhondaCMichel@gustr.com,SuntaDuarteUrrutia@teleworm.us
16,Amy,Howington,AmyJHowington@fleckens.hu,MahdiVillegasMorales@einrot.com
17,Joshua,Pugh,JoshuaPugh@teleworm.us,SpencerCook@superrito.com
18,Reece,Macdonald,ReeceMacdonald@gustr.com,DanielleReynolds@jourrapide.com
19,Delfina,Marino,DelfinaMarino@superrito.com,GabyCasasVeliz@superrito.com
20,Evodia,Orosco,EvodiaOroscoMadera@cuvox.de,StanislaoNapolitano@einrot.com
21,Natasha,Kelly,NatashaKelly@jourrapide.com,ZakShort@cuvox.de
22,Ismael,Cooley,IsmaelPCooley@gustr.com,GraceWright@teleworm.us
23,Hildibrand,Oldbuck,HildibrandOldbuck@cuvox.de,AnnaMPayne@superrito.com
24,Flora,Zetticci,FloraZetticci@jourrapide.com,DinorahAlonzoGarrido@dayrep.com
25,Leon,Shaw,LeonShaw@dayrep.com,SebastianoLori@einrot.com
26,Pascualina,Mascarenas,PascualinaMascarenasJasso@fleckens.hu,RotraudaCastellanosYanez@gustr.com
27,Lily,Hornblower,LilyHornblower@rhyta.com,CelestePiazza@superrito.com
28,Pimpernel,Lothran,PimpernelLothran@rhyta.com,PierinaRicci@jourrapide.com
29,Amerigo,De Luca,AmerigoDeLuca@fleckens.hu,GalileoVanegasFernandez@fleckens.hu
30,Olivia,Thompson,OliviaThompson@teleworm.us,MarshallCDeems@armyspy.com
31,Arsenio,Zetticci,ArsenioZetticci@dayrep.com,KussiCaballeroGuzman@cuvox.de
32,Laura,Kerr,LauraKerr@superrito.com,MayaJames@einrot.com
33,Nora ,Longhole,NoraLonghole@fleckens.hu,AlanCClose@einrot.com
34,Jayne,Faulk,JayneBFaulk@dayrep.com,SantaDeLuca@jourrapide.com
35,Morgan,Slater,MorganSlater@rhyta.com,VictoriaWatts@fleckens.hu
36,Gianna,Elizondo,GiannaElizondoCovarrubias@einrot.com,ObertoGutierrezVela@teleworm.us
37,Callum,Stewart,CallumStewart@gustr.com,PeterGFuqua@gustr.com
38,Wendy,Henson,WendyRHenson@teleworm.us,DanielleGeorge@rhyta.com
39,Katie,Harper,KatieHarper@teleworm.us,JudithHSmart@rhyta.com
40,Ruby,Puddifoot,RubyPuddifoot@jourrapide.com,DemiJones@cuvox.de
41,Jay,Bond,JayBond@armyspy.com,VernonRamonValverde@teleworm.us
42,Bellisima,Bolger,BellisimaBolger@rhyta.com,MarcelloRenteriaCorrales@fleckens.hu
43,Hobson,Greenhand,HobsonGreenhand@jourrapide.com,DanisaMoraUrbina@einrot.com
44,Leo,Kyle,LeoKKyle@armyspy.com,GaudencioCruzTrevino@superrito.com
45,Ofir,Pulido,OfirPulidoMata@fleckens.hu,MohammedStorey@dayrep.com
46,Richard,Palacios,RichardMPalacios@dayrep.com,AlessandraCastiglione@teleworm.us
47,Kristine,Cedillo,KristineCedilloFonseca@dayrep.com,LadislaoPanicucci@dayrep.com
48,Luca,Hewitt,LucaHewitt@teleworm.us,MetranAlvaradoAlmaraz@cuvox.de
49,Bonaventura,Marchesi,BonaventuraMarchesi@cuvox.de,MassimilianoToscano@fleckens.hu
50,Semolina,Boffin,SemolinaBoffin@rhyta.com,GiorgiaBuccho@jourrapide.com
51,Everard,Brown,EverardBrown@cuvox.de,AmielUlibarriGuillen@superrito.com
52,Mennos,Quintana,MennosQuintanaOcasio@fleckens.hu,NarcisseOliveraVillasenor@einrot.com
53,Guglielmo,Davide,GuglielmoDavide@superrito.com,BrookeBirch@gustr.com
54,Maisie,Allan,MaisieAllan@fleckens.hu,ZinaNunezBenitez@superrito.com
55,Aaron,Boyle,AaronBoyle@rhyta.com,AdaArcuri@cuvox.de
56,Lotho,Hornblower,LothoHornblower@rhyta.com,ApiaVelazquezAranda@gustr.com
57,Duenna,Diggle,DuennaDiggle@teleworm.us,LucyHancock@rhyta.com
58,Agnus,Galindo,AgnusGalindoHidalgo@einrot.com,KyleNoble@dayrep.com
59,Riley,Martinez,RileyBMartinez@einrot.com,SiennaHarrison@superrito.com
60,Heather,Doss,HeatherGDoss@jourrapide.com,AnelsyBenavidesMatos@dayrep.com
61,Palmira ,Mazzi,PalmiraMazzi@dayrep.com,CalvinSCollins@fleckens.hu
62,Dina,Sandyman,DinaSandyman@teleworm.us,WilliamMurray@superrito.com
63,Antonino,Sabbatini,AntoninoSabbatini@teleworm.us,MagaliEnriquezRamon@jourrapide.com
64,Lope,Jasso,LopeJassoTovar@jourrapide.com,VanesaTerrazasGuerra@teleworm.us
65,Loredana,Longo,LoredanaLongo@superrito.com,HarrisonMcLean@rhyta.com
66,Alexandra,Doyle,AlexandraDoyle@dayrep.com,CiprianoNucci@einrot.com
67,Amber,Morgan,AmberMorgan@jourrapide.com,ElizabethHicks@dayrep.com
68,Mark,Hinojosa,MarkYHinojosa@rhyta.com,AgilaBacaBarrios@dayrep.com
69,Ruby,Goodchild,RubyGoodchild@armyspy.com,EgidioManfrin@fleckens.hu
70,Folco,Oldbuck,FolcoOldbuck@jourrapide.com,ArabellaCalabrese@teleworm.us
71,Cora,Maggot,CoraMaggot@jourrapide.com,StevenJBell@cuvox.de
72,Donald,Isaacson,DonaldPIsaacson@gustr.com,ChristineJCarrillo@armyspy.com
73,Adam,Read,AdamRead@rhyta.com,EvaRussell@gustr.com
74,Felicia,Snyder,FeliciaSSnyder@superrito.com,BeataAngelo@armyspy.com
75,Carambo,Bracegirdle,CaramboBracegirdle@einrot.com,RosemaryPToro@fleckens.hu
76,Venera,Greco,VeneraGreco@gustr.com,CrispinoTrevisan@teleworm.us
77,Garibaldo,Vaca,GaribaldoVacaOrnelas@teleworm.us,ArmidaGenovesi@superrito.com
78,Libera,Trentini,LiberaTrentini@einrot.com,AlidiaMejiaPena@dayrep.com
79,Tomacca,Diggle,TomaccaDiggle@dayrep.com,GianettoBergamaschi@einrot.com
80,Mat,Hayward,MatHayward@rhyta.com,OsvaldoGiordano@superrito.com
81,Lope,Verdugo,LopeVerdugoAmador@dayrep.com,GioelePiazza@armyspy.com
82,Yvonne,Sammons,YvonneOSammons@superrito.com,WilliamBoyle@jourrapide.com
83,Cara,Lightfoot,CaraLightfoot@rhyta.com,LawrenceDNelson@cuvox.de
84,Caitlin,Chapman,CaitlinChapman@einrot.com,KathrynCarreonMarquez@gustr.com
85,Noah,Vincent,NoahVincent@rhyta.com,DonatoBianchi@teleworm.us
86,Eva,Howell,EvaHowell@armyspy.com,AnselmoPalermo@jourrapide.com
87,Geraldina,Ferrari,GeraldinaFerrari@superrito.com,ClaroRinconSanches@gustr.com
88,Marcia,Baez,MarciaBaezRivero@superrito.com,BarbaraBKane@einrot.com
89,Alphonse,León,AlphonseLeonMarin@teleworm.us,MartinSCotter@einrot.com
90,Ingrid,Lomeli,IngridLomeliDiaz@rhyta.com,RileyHayward@armyspy.com
91,Aurelia,De Luca,AureliaDeLuca@einrot.com,GenerosaGreece@superrito.com
92,Otilia,Saldivar,OtiliaSaldivarOlvera@teleworm.us,AlvisaRusso@superrito.com
93,Ramses,Rincón,RamsesRinconPortillo@teleworm.us,KevinHEaston@teleworm.us
94,Maisie,Hudson,MaisieHudson@gustr.com,VictoriaStone@armyspy.com
95,Aaliyah,Walton,AaliyahWalton@einrot.com,ArgentinoLozanoLinares@superrito.com
96,Edith,Kiley,EdithPKiley@gustr.com,BaileyConnor@dayrep.com
97,Lucia,Iadanza,LuciaIadanza@superrito.com,CassandreTorresLongoria@superrito.com
98,Carmela,Lombardi,CarmelaLombardi@superrito.com,AvaHaynes@cuvox.de
99,Yolanda,Maggot,YolandaMaggot@gustr.com,MichaelJohnson@fleckens.hu
100,Matteo,Beneventi,MatteoBeneventi@superrito.com,AdrianoSchiavone@rhyta.com
101,Felice,Trevisano,FeliceTrevisano@teleworm.us,VeronicaJOlson@armyspy.com
102,Jade,Skinner,JadeSkinner@cuvox.de,FabrizioLombardo@teleworm.us
103,Jessica,Kerr,JessicaKerr@fleckens.hu,DeanCSmith@einrot.com
104,Judith,Bernal,JudithBernalOzuna@superrito.com,TiaMarsden@fleckens.hu
105,Edvige,Bellucci,EdvigeBellucci@einrot.com,MiaRoss@cuvox.de
106,Jemima,Domínguez,JemimaDominguezBonilla@armyspy.com,LauraRStrong@cuvox.de
107,Jeri,Reaves,JeriPReaves@superrito.com,EmiliaLombardi@rhyta.com
108,Carles,Rodríguez,CarlesRodriguezNazario@superrito.com,PrudenziaBianchi@teleworm.us
109,Caroline,Dunagan,CarolineJDunagan@dayrep.com,LorujamaPugaBenavides@superrito.com
110,Dallas,Benavidez,DallasBenavidezVarela@dayrep.com,HollyTSullivan@jourrapide.com
111,Elvia,Palerma,ElviaPalerma@jourrapide.com,MariaNPerl@gustr.com
112,Reinaldo,Cedillo,ReinaldoCedilloJasso@rhyta.com,MichelleEBouffard@gustr.com
113,Dafna,Prieto,DafnaPrietoGodinez@superrito.com,LucianaRicci@armyspy.com
114,James,Nelson,JamesVNelson@jourrapide.com,LivioPiazza@superrito.com
115,Caramella,Whitfoot,CaramellaWhitfoot@gustr.com,GeorgiaAhmed@armyspy.com
116,Eglantine,Sackville,EglantineSackville@armyspy.com,LizzieCMiner@dayrep.com
117,Billy,Phillips,BillyPhillips@armyspy.com,AlfieClements@armyspy.com
118,Faramir,Gardner,FaramirGardner@einrot.com,VicentaCasarezJurado@cuvox.de
119,Bilbo,Hornblower,BilboHornblower@cuvox.de,MelissaGreece@dayrep.com
120,Lindsay,Nance,LindsayRNance@gustr.com,EvaristoBarelaPineda@dayrep.com
121,Quintilia,Mazzi,QuintiliaMazzi@jourrapide.com,GretaPalerma@teleworm.us
122,Cornelia,Sandheaver,CorneliaSandheaver@dayrep.com,ArcangelCuellarMarcos@jourrapide.com
123,Jack,Boyle,JackBoyle@jourrapide.com,RachelleSantiagoPineda@fleckens.hu
124,Vella,Gracia,VellaGraciaPuente@superrito.com,RethaGLouque@cuvox.de
125,Callum,Faulkner,CallumFaulkner@cuvox.de,ChristopherBradshaw@rhyta.com
126,Livia,Cattaneo,LiviaCattaneo@jourrapide.com,AmadoeQuintanillaVasquez@armyspy.com
127,Eddie,Studdard,EddieRStuddard@jourrapide.com,MafaldaAltamiranoSantana@einrot.com
128,Raynaldo,Aragón,RaynaldoAragonSantiago@jourrapide.com,AlexanderPowell@rhyta.com
129,Sylvester,Matías,SylvesterMatiasSevilla@einrot.com,TomMGlover@dayrep.com
130,Marigold,Goldworthy,MarigoldGoldworthy@cuvox.de,CinoSiciliano@einrot.com
131,James,Hampton,JamesPHampton@rhyta.com,BatildaLombardi@armyspy.com
132,Tecla,Toledo,TeclaToledoMaldonado@einrot.com,GodofredoParraColunga@einrot.com
133,Primula,Grubb,PrimulaGrubb@dayrep.com,BenjaminPollard@teleworm.us
134,Bowman,Hayward,BowmanHayward@fleckens.hu,MagnoliaLinaresOrellana@fleckens.hu
135,Malva,Brandagamba,MalvaBrandagamba@teleworm.us,GiancarloPelayoSolorio@einrot.com
136,John,Bailey,JohnNBailey@jourrapide.com,JadeWebster@fleckens.hu
137,Patsy,Cavazos,PatsyCavazosGalarza@armyspy.com,MichelangeloGenovese@superrito.com
138,Amaranth,Brownlock,AmaranthBrownlock@fleckens.hu,AdrianFBarbour@cuvox.de
139,Leah,Schofield,LeahSchofield@rhyta.com,AlbertWLee@rhyta.com
140,Raffaello,DeRose,RaffaelloDeRose@jourrapide.com,LisaDTorgerson@dayrep.com
141,Richard,Wells,RichardDWells@fleckens.hu,DemiRhodes@teleworm.us
142,Gigliola,Trevisani,GigliolaTrevisani@cuvox.de,EldoraQuinonezBalderas@dayrep.com
143,Igal,Jaramillo,IgalJaramilloSaldana@teleworm.us,ConnorGibson@gustr.com
144,Eugenio,Genovesi,EugenioGenovesi@teleworm.us,LeonciaHernandezMontes@jourrapide.com
145,Mareta,Endrizzi,MaretaEndrizzi@fleckens.hu,NatalyaOcasioVallejo@superrito.com
146,Solano,Gaona,SolanoGaonaJaramillo@einrot.com,RominaOlivarezComejo@fleckens.hu
147,Sean,Khan,SeanMKhan@rhyta.com,MarisaCalabresi@cuvox.de
148,Parménides,Ávila,ParmenidesAvilaZaragoza@jourrapide.com,LynnLKogut@rhyta.com
149,Attilio,Rossi,AttilioRossi@armyspy.com,LuisCJohnson@armyspy.com
150,Alicia,Brooks,AliciaCBrooks@teleworm.us,AlexanderJRocha@teleworm.us
151,Mónica,Quiñónez,MonicaQuinonezGranados@superrito.com,LauraVWarren@rhyta.com
152,Affiano,Pisani,AffianoPisani@superrito.com,AlidaRizzo@cuvox.de
153,Jessamine,Gawkroger,JessamineGawkroger@armyspy.com,CisetLozadaNava@teleworm.us
154,Vera,Negrón,VeraNegronArguello@jourrapide.com,FilippoTrevisan@fleckens.hu
155,Derek,Carter,DerekDCarter@dayrep.com,GenaraSolorzanoVega@armyspy.com
156,Roger,Martinez,RogerSMartinez@teleworm.us,AmyWCoombs@jourrapide.com
157,Homer,Holl,HomerJHoll@teleworm.us,ElenaFLacroix@jourrapide.com
158,Genoveffa,Onio,GenoveffaOnio@fleckens.hu,EmanueleGreece@rhyta.com
159,Benedetto,Siciliano,BenedettoSiciliano@teleworm.us,PrimitivaCuellarLerma@gustr.com
160,Serena,Lerma,SerenaLermaValdes@cuvox.de,FulgenziaAngelo@cuvox.de
161,Nora ,Took-Brandybuck,NoraTook-Brandybuck@superrito.com,GertrudeJChristiano@armyspy.com
162,Richard,Eisenhauer,RichardTEisenhauer@jourrapide.com,RamiroMancini@dayrep.com
163,Ernesta,Lombardi,ErnestaLombardi@cuvox.de,MurielPuenteCorral@gustr.com
164,Theodoric,Gaukrogers,TheodoricGaukrogers@teleworm.us,BeniaminoArcuri@dayrep.com
165,Carolina,Nucci,CarolinaNucci@einrot.com,DanielSchofield@rhyta.com
166,Guendalina,Marchesi,GuendalinaMarchesi@rhyta.com,ClydeOStacey@einrot.com
167,Ceredic,Took-Took,CeredicTook-Took@jourrapide.com,AgneseFloresRoque@fleckens.hu
168,Cora,Goodchild,CoraGoodchild@armyspy.com,PatriciaWBrown@cuvox.de
169,Gualtiero,Boni,GualtieroBoni@fleckens.hu,LaraDoherty@rhyta.com
170,Camillo,Toscani,CamilloToscani@teleworm.us,SebastianJackson@rhyta.com
171,Olimpia,Bianchi,OlimpiaBianchi@teleworm.us,AnnaWThomas@einrot.com
172,Proserpio,Iadanza,ProserpioIadanza@dayrep.com,LucaPanicucci@cuvox.de
173,Mason,Robinson,MasonRobinson@gustr.com,GillenGamboaDominguez@superrito.com
174,Sandra,Robertson,SandraMRobertson@dayrep.com,JarvisSDiamond@superrito.com
175,Justino,Alfaro,JustinoAlfaroAlmaraz@armyspy.com,CallumStorey@superrito.com
176,Leila,Bellucci,LeilaBellucci@teleworm.us,CelestinoLozadaMejia@fleckens.hu
177,Pervinca,Baggins,PervincaBaggins@dayrep.com,EthelSHarbaugh@teleworm.us
178,Laverne,Scarborough,LaverneJScarborough@fleckens.hu,ElviraCosta@armyspy.com
179,John,Strickland,JohnPStrickland@fleckens.hu,MariaHinojosaJiminez@rhyta.com
180,Donna,Nguyen,DonnaKNguyen@rhyta.com,StevenCKarcher@fleckens.hu
181,Germano,Calabrese,GermanoCalabrese@superrito.com,IsabellePatel@dayrep.com
182,Hidalgo,Mata,HidalgoMataSandoval@rhyta.com,NatashaParker@armyspy.com
183,Pegaso,Jimínez,PegasoJiminezIbarra@superrito.com,AticaArchuletaMelgar@armyspy.com
184,Marina,Calabresi,MarinaCalabresi@gustr.com,SebastianSheppard@gustr.com
185,Camilla,Panicucci,CamillaPanicucci@armyspy.com,VellaArmijoVega@einrot.com
186,Denna,Ceja,DennaCejaVazquez@dayrep.com,CharmaineKGoodwin@superrito.com
187,George,Todd,GeorgeTodd@einrot.com,IndiraAliceaRoybal@gustr.com
188,Benito,Romano,BenitoRomano@superrito.com,MadeleineHall@rhyta.com
189,Calandra,Cerrato,CalandraCCerrato@einrot.com,SylviaVCarter@cuvox.de
190,Sagramor,Brockhouse,SagramorBrockhouse@teleworm.us,HermesRiveraEnriquez@teleworm.us
191,Zulima,Urena,ZulimaUrenaNazario@armyspy.com,CherylDMims@dayrep.com
192,Melissa,Sabbatini,MelissaSabbatini@armyspy.com,CostanteMarino@superrito.com
193,Leonel,Carrasco,LeonelCarrascoJurado@dayrep.com,FernandoGallo@rhyta.com
194,Briffo,Noakes,BriffoNoakes@fleckens.hu,SandraSRichardson@superrito.com
195,Eglantine,Whitfoot,EglantineWhitfoot@einrot.com,PirroTrujilloCastro@einrot.com
196,Elizabeth,Delgadillo,ElizabethDelgadilloMascarenas@superrito.com,LukeStevens@superrito.com
197,Bab,Beltrán,BabBeltranUrrutia@cuvox.de,EvieFoster@superrito.com
198,Laodicea,Rojas,LaodiceaRojasZayas@dayrep.com,BerniceCLogan@rhyta.com
199,Gundolpho,Hornblower,GundolphoHornblower@cuvox.de,AlbertaDeLuca@cuvox.de
200,Orazio,Panicucci,OrazioPanicucci@rhyta.com,AstridVarelaOjeda@cuvox.de
201,Fedra,Ávalos,FedraAvalosViera@armyspy.com,TeaPazVelez@einrot.com
202,Mirabella,Grubb,MirabellaGrubb@fleckens.hu,ElliotDavey@superrito.com
203,Manuele,Li Fonti,ManueleLiFonti@fleckens.hu,PraxedesAnguianoCorral@teleworm.us
204,Iago,Brandagamba,IagoBrandagamba@jourrapide.com,FrancescaKelly@gustr.com
205,Lillo,Padovesi,LilloPadovesi@armyspy.com,MarienSalcedoGuevara@dayrep.com
206,Raffaele,Baresi,RaffaeleBaresi@jourrapide.com,MarySMurphy@teleworm.us
207,Isabelle,Horton,IsabelleHorton@jourrapide.com,LeoConti@superrito.com
208,Merry,Burrowes,MerryBurrowes@armyspy.com,QuintilioBergamaschi@einrot.com
209,Bradley,Webb,BradleyWebb@gustr.com,CiriacaPagnotto@cuvox.de
210,Diane,Sanchez,DianeJSanchez@rhyta.com,VisitacionVarelaMora@armyspy.com
211,Jessica,Farkas,JessicaSFarkas@einrot.com,AlbertEWoods@superrito.com
212,Louie,Birch,LouieBirch@teleworm.us,WilliamCWard@einrot.com
213,Ella,Tomlinson,EllaTomlinson@teleworm.us,AlbertGamezViera@jourrapide.com
214,Joseph,Tucker,JosephTucker@dayrep.com,MayaWDenham@cuvox.de
215,Sam,Kemp,SamKemp@rhyta.com,JacobYoung@superrito.com
216,Prima,Fairbairn,PrimaFairbairn@armyspy.com,CharlieEvans@cuvox.de
217,Gracie,Sutton,GracieSutton@armyspy.com,JefferySDye@superrito.com
218,Sienna,Birch,SiennaBirch@jourrapide.com,DustinKKnight@einrot.com
219,Cesarina,Pinto,CesarinaPinto@armyspy.com,LucioNapolitano@cuvox.de
220,Gladys,Gaytan,GladysGaytanRael@superrito.com,DeborahCWhitt@einrot.com
221,Vittoria,Esposito,VittoriaEsposito@einrot.com,LorenzoPalermo@rhyta.com
222,Nerida,Granados,NeridaGranadosLoya@jourrapide.com,JacquelynSSargent@dayrep.com
223,Lucy,Barber,LucyBarber@teleworm.us,ShirleyJOno@superrito.com
224,Kiera,Atkins,KieraAtkins@gustr.com,LynnFCampbell@jourrapide.com
225,Jim,Burt,JimDBurt@einrot.com,ErciliaIbarraGaona@jourrapide.com
226,Katrina,Adams,KatrinaLAdams@cuvox.de,TobyOwens@jourrapide.com
227,Verena,Menchaca,VerenaMenchacaNegron@cuvox.de,LeonardoRicci@dayrep.com
228,Laercio,Feliciano,LaercioFelicianoRiojas@armyspy.com,CrimildaNietoMaestas@dayrep.com
229,Yasmin,Hart,YasminHart@jourrapide.com,VictoriaHayward@rhyta.com
230,Aaron,Black,AaronBlack@jourrapide.com,OrtensioLucchese@teleworm.us
231,Jude,Dixon,JudeDixon@dayrep.com,JamieBond@cuvox.de
232,Sarah,Castilleja,SarahDCastilleja@jourrapide.com,LiamWalker@einrot.com
233,Martina,Piazza,MartinaPiazza@einrot.com,FulgenziaCosta@dayrep.com
234,Sam,Leet,SamGLeet@rhyta.com,FiorenzaRossi@superrito.com
235,Jennifer,Hatch,JenniferTHatch@teleworm.us,MaryOLawler@teleworm.us
236,Gisella,Gallardo,GisellaGallardoUribe@jourrapide.com,QuarantinoTrevisani@dayrep.com
237,Jamie,Pratt,JamiePratt@gustr.com,NeronBarrientosArmendariz@gustr.com
238,Patrick,Pete,PatrickTPete@cuvox.de,RenataNapolitano@superrito.com
239,Lillian,Malloy,LillianCMalloy@fleckens.hu,CoreyLord@armyspy.com
240,Billy,Dunn,BillyDunn@cuvox.de,ChristopherFoster@dayrep.com
241,Calquín,Polanco,CalquinPolancoRazo@gustr.com,JanetLParent@gustr.com
242,Cumelén,Rocha,CumelenRochaVega@einrot.com,AliciaRoberts@jourrapide.com
243,Koko,Luján,KokoLujanBernal@armyspy.com,DanielSColeman@gustr.com
244,Betty,Hicks,BettyGHicks@cuvox.de,GlennCMcGinty@dayrep.com
245,Blanda,Baresi,BlandaBaresi@rhyta.com,RobustianoQuinonezCarrillo@gustr.com
246,Caradas,Zaragamba,CaradasZaragamba@gustr.com,AzeglioPanicucci@teleworm.us
247,Gundelinda,Téllez,GundelindaTellezMontenegro@dayrep.com,SebastianQuinn@jourrapide.com
248,Sein,Laboy,SeinLaboyConcepcion@gustr.com,ItalaBaresi@fleckens.hu
249,Thelma,Mateer,ThelmaJMateer@jourrapide.com,FrancescaBarber@teleworm.us
250,Keira,Cooke,KeiraCooke@superrito.com,CiriacaPagnotto@cuvox.de
251,Brigida,Castiglione,BrigidaCastiglione@fleckens.hu,ManqueOrdonezUrias@jourrapide.com
252,Vitaliano,Mayonga,VitalianoMayongaCervantez@cuvox.de,EleanorForster@teleworm.us
253,Aaliyah,Steele,AaliyahSteele@gustr.com,MichelleAButler@rhyta.com
254,Reece,Lee,ReeceLee@armyspy.com,AlexLloyd@fleckens.hu
255,Olivia,Hobbs,OliviaHobbs@jourrapide.com,AlfonsoLoDuca@einrot.com
256,Gertrude,Laws,GertrudeJLaws@fleckens.hu,LorenzoCosta@einrot.com
257,Aidan,Barton,AidanBarton@dayrep.com,JuanSCarpenter@cuvox.de
258,Gregorio,Rossi,GregorioRossi@superrito.com,LucasHart@cuvox.de
259,Frodo,Oldbuck,FrodoOldbuck@fleckens.hu,AlbericoUdinese@jourrapide.com
260,Quintiliano,Ricci,QuintilianoRicci@gustr.com,LouieIngram@cuvox.de
261,Scott,Rivera,ScottTRivera@einrot.com,MerlinUrenaRodriguez@rhyta.com
262,Lucy,Campbell,LucyCampbell@teleworm.us,CameronWyatt@teleworm.us
263,Cathy,Crawford,CathyRCrawford@rhyta.com,GracieColes@teleworm.us
264,Enza,Arcuri,EnzaArcuri@cuvox.de,PeterJGallagher@fleckens.hu
265,Briffo,Boffin,BriffoBoffin@jourrapide.com,OrsolaBianchi@teleworm.us
266,Tolman,Oldbuck,TolmanOldbuck@cuvox.de,ChelseaGardner@gustr.com
267,Thelma,Gilmore,ThelmaKGilmore@armyspy.com,DianaVelezRascon@gustr.com
268,Gundobad,Headstrong,GundobadHeadstrong@teleworm.us,HenryDBurt@jourrapide.com
269,Eneyén,Chávez,EneyenChavezAlba@teleworm.us,SebastianWatson@teleworm.us
270,Cino,Barese,CinoBarese@dayrep.com,FulbertPartidaPichardo@rhyta.com
271,Sibila,Muñiz,SibilaMunizZavala@gustr.com,BlancheMAlvis@einrot.com
272,Harley,Bevan,HarleyBevan@jourrapide.com,LesmesRojasVillegas@superrito.com
273,Antipas,Quezada,AntipasQuezadaGaray@jourrapide.com,DegnaBruno@rhyta.com
274,Caitlin,Burns,CaitlinBurns@rhyta.com,ClementeIadanza@gustr.com
275,Blanda,Milanesi,BlandaMilanesi@gustr.com,BenjaminHall@einrot.com
276,Edén,Guerra,EdenGuerraLeiva@armyspy.com,JuventinaNarvaezCoronado@gustr.com
277,Priscila,Ybarra,PriscilaYbarraElizondo@rhyta.com,BillyYThomas@gustr.com
278,Lynn,Pinnock,LynnMPinnock@jourrapide.com,AngelicaMezaRoybal@cuvox.de
279,Michael,Woods,MichaelBWoods@superrito.com,GabrielOSullivan@gustr.com
280,Cleto,Verduzco,CletoVerduzcoAlcantar@cuvox.de,LewisFarmer@gustr.com
281,Louise,Davey,LouiseDavey@superrito.com,LiamWheeler@dayrep.com
282,Dinodas,Goodbody,DinodasGoodbody@dayrep.com,VellaHaroLuevano@einrot.com
283,Yves,Jimínez,YvesJiminezCaballero@cuvox.de,LuigiTKohn@gustr.com
284,Shannon,Bradbury,ShannonTBradbury@einrot.com,SpencerBell@einrot.com
285,Abbie,Douglas,AbbieDouglas@superrito.com,AddolorataTrevisani@gustr.com
286,Henry,Spencer,HenrySpencer@cuvox.de,VladimirGaitanCortes@einrot.com
287,Paolo,Arcuri,PaoloArcuri@teleworm.us,SamantaVelascoNarvaez@teleworm.us
288,Belinda,Headstrong,BelindaHeadstrong@rhyta.com,GiuseppeRicci@einrot.com
289,Olga,Barese,OlgaBarese@superrito.com,AranBarrientosLomeli@rhyta.com
290,Ambrosia,De Luca,AmbrosiaDeLuca@dayrep.com,LeonoraBadilloMontemayor@fleckens.hu
291,Hildigard,Goodchild,HildigardGoodchild@fleckens.hu,RonaldMenaOjeda@rhyta.com
292,Egle,Lugo,EgleLugoCardona@cuvox.de,BerengarioRizzo@gustr.com
293,Irma,Womack,IrmaJWomack@rhyta.com,CinziaColombo@superrito.com
294,Bungo,Gawkroger,BungoGawkroger@teleworm.us,TiaHughes@superrito.com
295,Lara,Davidson,LaraDavidson@jourrapide.com,HildeAlarconSalgado@dayrep.com
296,Letizia,Onio,LetiziaOnio@cuvox.de,TammyDBlackshire@gustr.com
297,Osvaldo,Pinto,OsvaldoPinto@cuvox.de,SilvestroLori@armyspy.com
298,Basso,Goold,BassoGoold@fleckens.hu,LouieMcKenzie@fleckens.hu
299,Sebastian,Hunter,SebastianHunter@dayrep.com,AlexanderBerry@fleckens.hu
300,Allison,Valdivia,AllisonValdiviaParedes@dayrep.com,FedraBarese@jourrapide.com
301,Eglantine,Smallburrow,EglantineSmallburrow@armyspy.com,BrianKWhite@teleworm.us
302,Matthew,Walton,MatthewWalton@dayrep.com,AdanCortesPalomo@gustr.com
303,Oscar,Heath,OscarHeath@teleworm.us,KayleighFlynn@armyspy.com
304,Guerrino,Calabrese,GuerrinoCalabrese@armyspy.com,CerysAtkins@einrot.com
305,Fabiana ,Piazza,FabianaPiazza@rhyta.com,BeattieAnguianoEstrada@armyspy.com
306,Vitale,Davide,VitaleDavide@fleckens.hu,SarahFord@cuvox.de
307,Jessica,Gough,JessicaGough@fleckens.hu,NunziaOnio@dayrep.com
308,Sméagol,Hogpen,SmeagolHogpen@superrito.com,BonifaciBuenoPreciado@einrot.com
309,Hildelita,Cisneros,HildelitaCisnerosCadena@fleckens.hu,VittoreEndrizzi@teleworm.us
310,Tobold,Puddifoot,ToboldPuddifoot@dayrep.com,RichardJHardin@superrito.com
311,Christopher,Rooney,ChristopherNRooney@cuvox.de,JesicaGaricaCeballos@rhyta.com
312,Egidio,Baresi,EgidioBaresi@rhyta.com,DeniseTNiemann@armyspy.com
313,Max,Cook,MaxCook@jourrapide.com,AbdonAlanisSanabria@rhyta.com
314,Charles,Wilson,CharlesSWilson@superrito.com,CristianoBeneventi@armyspy.com
315,Barbara,Longo,BarbaraLongo@teleworm.us,MelitonCentenoParedes@dayrep.com
316,Isengrim,Hornblower,IsengrimHornblower@teleworm.us,SilvanoSagese@einrot.com
317,Anna,Francis,AnnaFrancis@dayrep.com,GerolamoArcuri@superrito.com
318,Michael,Wells,MichaelWells@rhyta.com,NaomiClayton@fleckens.hu
319,Jade,Davis,JadeDavis@superrito.com,MelissaJYoung@superrito.com
320,Bingo,Rumble,BingoRumble@teleworm.us,BlancaCalderonMontero@cuvox.de
321,Irma,Lombardo,IrmaLombardo@rhyta.com,MargotToroMatias@fleckens.hu
322,Carrie,Minton,CarrieRMinton@rhyta.com,LydiaHurst@rhyta.com
323,Johann,Rojas,JohannRojasVigil@armyspy.com,GraceFWagoner@teleworm.us
324,Gayane,Téllez,GayaneTellezNava@cuvox.de,CharlieMStevens@einrot.com
325,Doelia,Avilés,DoeliaAvilesPerales@rhyta.com,TylerMorris@rhyta.com
326,Albana,Juárez,AlbanaJuarezVillegas@einrot.com,CarlSRosas@cuvox.de
327,Plotino,Rodríguez,PlotinoRodriguezOrellana@cuvox.de,FedericoMarcelo@fleckens.hu
328,Eryk,Gaona,ErykGaonaBenavidez@teleworm.us,ClodoaldoAlvarezRivas@jourrapide.com
329,Columba,Luevano,ColumbaLuevanoSosa@teleworm.us,IseldaBrionesAlmanza@einrot.com
330,Orlando,Bolger,OrlandoBolger@superrito.com,HaydeeCollazoMatias@einrot.com
331,Medoro,Li Fonti,MedoroLiFonti@teleworm.us,AlexandraRoss@rhyta.com
332,Pasqualina,Lorenzo,PasqualinaLorenzo@jourrapide.com,WinifredARoberson@armyspy.com
333,Christine,Gates,ChristineMGates@dayrep.com,EmmaHolt@einrot.com
334,Zoilo,Armenta,ZoiloArmentaZapata@cuvox.de,WillardHPatel@teleworm.us
335,Harvey,Reid,HarveyKReid@cuvox.de,DavidAShelton@einrot.com
336,Beth,Hetzel,BethJHetzel@fleckens.hu,MarlaTHarrod@jourrapide.com
337,Lucio,Angelo,LucioAngelo@einrot.com,SolomonPadronBarrientos@fleckens.hu
338,Gabriel,Parker,GabrielParker@jourrapide.com,CallumHunter@dayrep.com
339,Elisabetta,Sal,ElisabettaSal@cuvox.de,LiviaNapolitano@rhyta.com
340,Ivan,McNicholas,IvanLMcNicholas@jourrapide.com,EthanHunter@rhyta.com
341,Niamh,Robinson,NiamhRobinson@teleworm.us,MaxBradley@gustr.com
342,Ubaldo,Miranda,UbaldoMirandaIglesias@armyspy.com,PeterBHammond@teleworm.us
343,James,Drexler,JamesTDrexler@cuvox.de,UbaldoSagese@cuvox.de
344,Sadoc,Whitfoot,SadocWhitfoot@fleckens.hu,MarthaJPinto@einrot.com
345,Ambrosino,Costa,AmbrosinoCosta@rhyta.com,SperanzaMazzanti@rhyta.com
346,Lucas,Chamberlain,LucasChamberlain@gustr.com,DionArellanoRivera@cuvox.de
347,Hércules,Romero,HerculesRomeroQuintanilla@teleworm.us,ClintVGillum@einrot.com
348,Rachel,Allan,RachelAllan@teleworm.us,MarshallArmijoMarquez@gustr.com
349,Primula,Maggot,PrimulaMaggot@gustr.com,AdalgisaPiazza@fleckens.hu
350,Leah,Ahmed,LeahAhmed@armyspy.com,MatthewSharpe@teleworm.us
351,Gustava,Palerma,GustavaPalerma@teleworm.us,BerardoSabbatini@dayrep.com
352,Bildat,Bracegirdle,BildatBracegirdle@teleworm.us,JodyJOwens@gustr.com
353,Alex,Holland,AlexHolland@jourrapide.com,DesideratoAgostoMenchaca@rhyta.com
354,Gesualdo,Valle,GesualdoValleNazario@dayrep.com,LydiaReynolds@dayrep.com
355,Lavinia,Onio,LaviniaOnio@rhyta.com,LeonLaw@superrito.com
356,Kurtis,Jackson,KurtisSJackson@fleckens.hu,AnayansiTejedaMaestas@gustr.com
357,Auda,Toro,AudaToroHaro@dayrep.com,LeopoldoLombardo@jourrapide.com
358,Elanor,Brockhouse,ElanorBrockhouse@dayrep.com,DeanERobles@cuvox.de
359,Tom,Rose,TomRose@fleckens.hu,BenPearce@fleckens.hu
360,Belinda,Burrowes,BelindaBurrowes@fleckens.hu,ZoeHarper@superrito.com
361,Moro,Clayhanger,MoroClayhanger@superrito.com,JaiaCavazosValdivia@cuvox.de
362,Daniel,Johnson,DanielNJohnson@fleckens.hu,LouisRead@rhyta.com
363,Dina,Chubb-Baggins,DinaChubb-Baggins@jourrapide.com,RhysWalters@einrot.com
364,Rhys,Myers,RhysMyers@dayrep.com,PenelopeCattaneo@gustr.com
365,Ferumbras,Sandheaver,FerumbrasSandheaver@gustr.com,RobertRice@armyspy.com
366,Jay,Mellor,JayMellor@rhyta.com,LupeJWalsh@rhyta.com
367,Henry,Gould,HenryGould@teleworm.us,WilliamSOwen@cuvox.de
368,Tonya,Velez,TonyaRVelez@armyspy.com,GiovannaLoDuca@dayrep.com
369,Gilda,Li Fonti,GildaLiFonti@teleworm.us,AthenaRobledoOjeda@fleckens.hu
370,Oleguer,Collazo,OleguerCollazoMurillo@cuvox.de,AgenoreBruno@jourrapide.com
371,Dalmiro,Zarate,DalmiroZarateAlmonte@gustr.com,DaraTorrezSalgado@cuvox.de
372,Bailey,Gardner,BaileyGardner@teleworm.us,PierinoLombardo@armyspy.com
373,Arandú,Cuellar,AranduCuellarMelendez@rhyta.com,JasmineNorton@jourrapide.com
374,Frediano,Bellucci,FredianoBellucci@gustr.com,GigliolaMoretti@jourrapide.com
375,Ines,Siciliani,InesSiciliani@rhyta.com,OvidioQuesadaDominguez@rhyta.com
376,Harriet,Austin,HarrietAustin@superrito.com,LambertoFanucci@armyspy.com
377,Rebecka,Harris,RebeckaJHarris@superrito.com,LidiaGreco@teleworm.us
378,Alarico,Tijerina,AlaricoTijerinaMedrano@teleworm.us,NikitaSaenzBerrios@armyspy.com
379,Tommy,Buckle,TommyMBuckle@armyspy.com,MaretaCalabrese@teleworm.us
380,Jeffery,Coon,JefferyMCoon@einrot.com,AaronOwen@gustr.com
381,Peter,Wallace,PeterWallace@dayrep.com,CamilloZetticci@teleworm.us
382,James,Calvert,JamesACalvert@armyspy.com,BaileyClayton@dayrep.com
383,Salvia,Brownlock,SalviaBrownlock@superrito.com,EthanChamberlain@einrot.com
384,Teresa,Harris,TeresaJHarris@rhyta.com,TabitaLuceroBenavides@rhyta.com
385,Caleb,Romo,CalebRomoOlivas@superrito.com,CintyEspinoVilla@fleckens.hu
386,Michael,Hone,MichaelBHone@teleworm.us,HaydenSheppard@jourrapide.com
387,Freya,Stewart,FreyaStewart@superrito.com,IsaacCChong@superrito.com
388,Ulisse,Costa,UlisseCosta@rhyta.com,TiburcioPortilloPina@fleckens.hu
389,Aloisa,Fallaci,AloisaFallaci@cuvox.de,EwanJames@jourrapide.com
390,Bladud,Smallburrow,BladudSmallburrow@armyspy.com,AlyssaEWight@rhyta.com
391,Kimberly,Serrato,KimberlySerratoGaitan@einrot.com,AnnaESpangler@cuvox.de
392,Antoshika,González,AntoshikaGonzalezEstrada@cuvox.de,LeonardIMiller@cuvox.de
393,Elton,Garrett,EltonMGarrett@fleckens.hu,CasdoaSantacruzGomez@einrot.com
394,Irma,Patrick,IrmaAPatrick@cuvox.de,AbacoMedinaRamos@jourrapide.com
395,Hubert,Urrútia,HubertUrrutiaNajera@jourrapide.com,SharonJMotsinger@teleworm.us
396,Marigold,Bolger,MarigoldBolger@superrito.com,IgnazioBaresi@cuvox.de
397,Lola,Jenkins,LolaJenkins@teleworm.us,ItaliaBellucci@gustr.com
398,Gaetano,Davide,GaetanoDavide@armyspy.com,JamesWFerreira@einrot.com
399,Rudolph,Button,RudolphButton@jourrapide.com,AlexandraNolan@superrito.com
400,Queenie,Kaiser,QueenieLKaiser@teleworm.us,EddieFerrerDelgado@einrot.com
401,Helen,Clark,HelenGClark@dayrep.com,ShellyDDurand@rhyta.com
402,Ronald,Drake,RonaldLDrake@einrot.com,DariaEsposito@cuvox.de
403,Naiara,Pedroza,NaiaraPedrozaAcuna@gustr.com,ReginaMilanesi@jourrapide.com
404,Pandora,Gamgee,PandoraGamgee@rhyta.com,FulvioLoggia@fleckens.hu
405,Erin,James,ErinJames@jourrapide.com,AlbanoZaragozaTamez@einrot.com
406,Mentha,Button,MenthaButton@teleworm.us,HildaTSabol@einrot.com
407,Kenti,Huerta,KentiHuertaNazario@rhyta.com,DarylLDillard@jourrapide.com
408,Delta,Duarte,DeltaDuarteOtero@jourrapide.com,LucaTrejoRaya@superrito.com
409,Anna,Holden,AnnaHolden@cuvox.de,LillyMorton@einrot.com
410,Ryan,Mendez,RyanCMendez@armyspy.com,HannahRiley@cuvox.de
411,May,Gaukrogers,MayGaukrogers@gustr.com,MariaPiaBuccho@superrito.com
412,Courtney,Gray,CourtneyGray@armyspy.com,BiagioDavide@armyspy.com
413,Italo,Ferrari,ItaloFerrari@fleckens.hu,DuilioCremonesi@fleckens.hu
414,Eilal,Menéndez,EilalMenendezEchevarria@armyspy.com,SilvanoSiciliano@cuvox.de
415,Diamanda,Gardner,DiamandaGardner@einrot.com,RolanPazFrias@superrito.com
416,Basso,Fallaci,BassoFallaci@armyspy.com,DavidEConde@superrito.com
417,Kathy,Putnam,KathyJPutnam@jourrapide.com,MariaBuccho@teleworm.us
418,Brandon,Taylor,BrandonETaylor@teleworm.us,MollieHumphreys@jourrapide.com
419,Seredic,Goold,SeredicGoold@teleworm.us,MarionRKilbourne@jourrapide.com
420,Jago,Smallburrow,JagoSmallburrow@fleckens.hu,VannaPagnotto@superrito.com
421,Cheryl,See,CherylGSee@jourrapide.com,CelinaDPennington@gustr.com
422,Jacob,Graham,JacobGraham@fleckens.hu,MaryJGrandstaff@teleworm.us
423,Giordana,Trevisani,GiordanaTrevisani@einrot.com,DanVerduzcoBenavidez@rhyta.com
424,Mary,Dugger,MaryRDugger@dayrep.com,TimothyTPierce@superrito.com
425,Pam,Geiger,PamCGeiger@armyspy.com,SylviaCruzSotelo@fleckens.hu
426,Dimpna,Malave,DimpnaMalaveSevilla@einrot.com,JasonBGass@armyspy.com
427,Rudibert,Goold,RudibertGoold@gustr.com,JadePotts@superrito.com
428,Vivaldo,Mazzanti,VivaldoMazzanti@rhyta.com,LeonelaCollazoCasarez@jourrapide.com
429,Charles,Golding,CharlesCGolding@rhyta.com,MeganPalomoIrizarry@superrito.com
430,Generosa,Bergamaschi,GenerosaBergamaschi@superrito.com,ViolaLongo@teleworm.us
431,Nina,Fairbairn,NinaFairbairn@cuvox.de,ElideDavide@teleworm.us
432,Evelyn,Martin,EvelynBMartin@teleworm.us,NeandroPatinoNajera@dayrep.com
433,Rita,Koch,RitaLKoch@jourrapide.com,DedaloCasarezNevarez@gustr.com
434,Jonathon,English,JonathonMEnglish@fleckens.hu,HeronChavarriaFlores@jourrapide.com
435,Lily,Sackville,LilySackville@rhyta.com,CoreyWhittaker@einrot.com
436,Zuleica,Trejo,ZuleicaTrejoMesa@fleckens.hu,ConcordiaTellezOlvera@cuvox.de
437,Melilot,Whitfoot,MelilotWhitfoot@gustr.com,AlexanderRice@gustr.com
438,Peter,Goodwin,PeterGoodwin@dayrep.com,LucianaDeLuca@cuvox.de
439,Melanie,Guerrero,MelanieGuerreroAguayo@superrito.com,GiovanniYGilbert@armyspy.com
440,Ulrico,Limón,UlricoLimonBalderas@jourrapide.com,MiqueoOcampoRivas@cuvox.de
441,Maia,Sal,MaiaSal@teleworm.us,MaryJKendall@armyspy.com
442,Raymond,Peterson,RaymondGPeterson@superrito.com,LisandroBergamaschi@armyspy.com
443,Marino,Fiorentini,MarinoFiorentini@dayrep.com,JolandaCosta@einrot.com
444,Gaby,Saldana,GabySaldanaNieto@superrito.com,CharlieJames@cuvox.de
445,Michael,Hankins,MichaelSHankins@cuvox.de,DomminaUrbinaQuezada@fleckens.hu
446,Abril,Garica,AbrilGaricaSerrato@teleworm.us,DardoMontesCarrero@dayrep.com
447,Lavinia,Cocci,LaviniaCocci@cuvox.de,BradleyStewart@teleworm.us
448,Luigi,Capon,LuigiCapon@teleworm.us,LinaTrevisani@armyspy.com
449,Munir,Calvillo,MunirCalvilloCarrasquill@superrito.com,YannickCuellarFlores@armyspy.com
450,Tarquinia,Dellucci,TarquiniaDellucci@superrito.com,TamaraDeLuca@einrot.com
451,Gabriel,Nicholls,GabrielNicholls@einrot.com,BenedettaCeballosColunga@jourrapide.com
452,Lide,Salinas,LideSalinasOlivares@rhyta.com,GelasioMayongaBerrios@jourrapide.com
453,Minto,Gammidge,MintoGammidge@dayrep.com,MarinaCattaneo@gustr.com
454,Hedda,Ledesma,HeddaLedesmaVigil@armyspy.com,DawnASnider@dayrep.com
455,Ronald,Vance,RonaldMVance@einrot.com,EsterinaAdameSanchez@dayrep.com
456,Mohammad,Evans,MohammadEvans@fleckens.hu,SofiaSaunders@gustr.com
457,Freddie,Birch,FreddieBirch@gustr.com,AladinoCalabrese@gustr.com
458,Pasqualina,Capon,PasqualinaCapon@armyspy.com,GeorgiaNorth@superrito.com
459,Harold,Barajas,HaroldSBarajas@superrito.com,LydiaPearce@einrot.com
460,Maitane,Ruiz,MaitaneRuizPrado@einrot.com,FrancescaLiFonti@rhyta.com
461,Isembold,Goodchild,IsemboldGoodchild@rhyta.com,MariaTrentini@teleworm.us
462,Archie,Leonard,ArchieLeonard@teleworm.us,ErlindaAlfaroEscamilla@cuvox.de
463,Ippolito,Boni,IppolitoBoni@jourrapide.com,CristoforoPisano@dayrep.com
464,Krista,Nadel,KristaLNadel@fleckens.hu,LorraineSMota@cuvox.de
465,Randall,Fedor,RandallTFedor@rhyta.com,JacopoZito@rhyta.com
466,Karen,Delagarza,KarenKDelagarza@superrito.com,EllaDoherty@superrito.com
467,Richard,Jamison,RichardCJamison@gustr.com,CurtisKPryce@teleworm.us
468,Piera,Palerma,PieraPalerma@superrito.com,SummerWelch@teleworm.us
469,Learco,Cervantes,LearcoCervantesCedillo@gustr.com,VivianaCamposArenas@armyspy.com
470,Amalda,Banks,AmaldaBanks@teleworm.us,MarcioColungaPichardo@dayrep.com
471,Melin,Holguín,MelinHolguinLeal@gustr.com,BertoMilani@cuvox.de
472,Petronio,Colombo,PetronioColombo@superrito.com,GuzmanSolisResendez@jourrapide.com
473,Dolly,Arndt,DollyDArndt@einrot.com,KimJMcCune@fleckens.hu
474,Caramella,Puddifoot,CaramellaPuddifoot@teleworm.us,PatrizioTrevisani@superrito.com
475,Simeón,Galvez,SimeonGalvezBarragan@superrito.com,MedoroSabbatini@teleworm.us
476,Shannon,Osborne,ShannonOsborne@jourrapide.com,AneArriagaMadrigal@gustr.com
477,Mildred,Williamson,MildredCWilliamson@gustr.com,ReginaldoCallasCastillo@jourrapide.com
478,Aurora,Angelo,AuroraAngelo@superrito.com,ZebedeoFelicianoGuevara@jourrapide.com
479,Malka,Valadez,MalkaValadezCarvajal@rhyta.com,WilliamBennett@cuvox.de
480,Antonio,Nordberg,AntonioENordberg@einrot.com,CarolynLHendrick@gustr.com
481,Poppy,Brandagamba,PoppyBrandagamba@gustr.com,TheresaMSchwartz@fleckens.hu
482,Jade,Lamb,JadeLamb@cuvox.de,AidanWilson@gustr.com
483,Simone,Bianchi,SimoneBianchi@einrot.com,ChristopherBryant@superrito.com
484,Angela,Barrett,AngelaGBarrett@fleckens.hu,NoamGilVillasenor@jourrapide.com
485,Kathryn,Bledsoe,KathrynTBledsoe@rhyta.com,CharlesJBumgardner@teleworm.us
486,Beato,Zito,BeatoZito@superrito.com,FreyaDale@cuvox.de
487,Arsenio,Greece,ArsenioGreece@fleckens.hu,DorothyRFox@rhyta.com
488,William,Cunningham,WilliamACunningham@rhyta.com,ExaltacionZunigaPantoja@gustr.com
489,Mohammed,Dunn,MohammedDunn@superrito.com,EdwardNash@superrito.com
490,Saradoc,Sandyman,SaradocSandyman@gustr.com,MorganBolton@gustr.com
491,Abigail,Owen,AbigailOwen@teleworm.us,GiorgiaRicci@gustr.com
492,Hayden,Moss,HaydenMoss@armyspy.com,HarryWest@jourrapide.com
493,Eva,Lane,EvaLane@gustr.com,BenignoLoggia@rhyta.com
494,Bailey,Pope,BaileyPope@gustr.com,AnaxagorasCorralesPedraza@einrot.com
495,Naomi,Lloyd,NaomiLloyd@cuvox.de,CorradoCattaneo@jourrapide.com
496,Elfstan,Labingi,ElfstanLabingi@einrot.com,TerzoCastiglione@cuvox.de
497,Tatiano,Salcido,TatianoSalcidoTejada@rhyta.com,AloisiaMarcelo@gustr.com
498,Elga,Sabbatini,ElgaSabbatini@teleworm.us,GiobbeVarelaCalvillo@cuvox.de
499,Jayden,French,JaydenFrench@teleworm.us,TullioDeLuca@armyspy.com
500,Arabella,Proudfoot,ArabellaProudfoot@rhyta.com,LiboriaValladaresHernandez@superrito.com
